{
  "final_iteration": 1204,
  "best_val_loss": 2.172874689102173,
  "metrics": {
    "train_losses": [
      1.0964770793914795,
      10.893116736412049,
      10.436861515045166,
      9.661570382118224,
      8.94924623966217,
      8.344077682495117,
      7.725048518180847,
      7.11234483718872,
      6.520753502845764,
      5.966347539424897,
      5.528550708293915,
      5.176619684696197,
      4.917750096321106,
      4.7091076374053955,
      4.540152466297149,
      4.414774000644684,
      4.304123973846435,
      4.220241677761078,
      4.139312255382538,
      4.069273495674134,
      4.040317332744598,
      4.012520325183869,
      3.989160680770874,
      3.9356430172920227,
      3.8674981594085693,
      3.8156580567359923,
      3.7680433988571167,
      3.7099855303764344,
      3.6583054780960085,
      3.620017957687378,
      3.5853384256362917,
      3.5318423986434935,
      3.4889138460159304,
      3.4370078682899474,
      3.3898287773132325,
      3.351807248592377,
      3.308362674713135,
      3.2564056515693665,
      3.2170697927474974,
      3.1814049005508425,
      3.1273674607276916,
      3.0923940658569338,
      3.0480959594249724,
      3.0040288388729097,
      2.973559820652008,
      2.9217357099056245,
      2.887474524974823,
      2.8388244211673737,
      2.7970725178718565,
      2.772642856836319,
      2.7361841976642607,
      2.7258544325828553,
      2.721182870864868,
      2.7169969022274016,
      2.6993365585803986,
      2.7044798970222472,
      2.700295460224152,
      2.691605752706528,
      2.6899546444416047,
      2.6848816215991973,
      2.6847252011299134,
      2.679868334531784,
      2.6641265213489533,
      2.6537931144237517,
      2.665817129611969,
      2.6534102261066437,
      2.6498523533344267,
      2.6324516952037813,
      2.629404973983765,
      2.623618996143341,
      2.6157788932323456,
      2.605626177787781,
      2.5975554287433624,
      2.5995982468128203,
      2.5950356304645537,
      2.574909347295761,
      2.5778015911579133,
      2.574066150188446,
      2.5566332578659057,
      2.5422836005687715,
      2.5419424176216125,
      2.54298939704895,
      2.5292254388332367,
      2.521355468034744,
      2.5222054004669188,
      2.515363037586212,
      2.503546005487442,
      2.511173349618912,
      2.5042559444904327,
      2.492746138572693,
      2.4884529531002046,
      2.489980697631836,
      2.4825710475444795,
      2.479587209224701,
      2.467888820171356,
      2.4710739731788633,
      2.4653841495513915,
      2.453257530927658,
      2.445352536439896,
      2.4444299578666686,
      2.4272404670715333,
      2.438576763868332,
      2.420890802145004,
      2.3836728274822234,
      2.3724547266960143,
      2.3573026776313784,
      2.33695370554924,
      2.3470723092556,
      2.3215312719345094,
      2.317974013090134,
      2.3301889419555666,
      2.3129454016685487,
      2.2988894462585447,
      2.2898190796375273,
      2.2706235110759736,
      2.2735893726348877,
      2.267527621984482,
      2.2642475426197053,
      2.2605615317821504,
      2.2516182899475097,
      2.2531733095645903
    ],
    "val_losses": [
      10.959978103637695,
      7.94418478012085,
      5.256328582763672,
      4.303919792175293,
      3.9770724773406982,
      3.744680881500244,
      3.509889841079712,
      3.267357110977173,
      3.0578534603118896,
      2.841688871383667,
      2.6539113521575928,
      2.6294007301330566,
      2.6108648777008057,
      2.5776424407958984,
      2.5415143966674805,
      2.5012176036834717,
      2.483356237411499,
      2.442838668823242,
      2.39902663230896,
      2.3728559017181396,
      2.3684771060943604,
      2.2784507274627686,
      2.234204053878784,
      2.1935694217681885,
      2.172874689102173
    ],
    "train_perplexities": [
      2.993601205983353,
      53804.73408437851,
      34093.48246840547,
      15702.424122400913,
      7702.084147022569,
      4205.202307786812,
      2264.362447543319,
      1227.0213407558554,
      679.0898887693138,
      390.07831998054445,
      251.7787456240365,
      177.0832010743886,
      136.69471700130504,
      110.95310531502825,
      93.70508589786733,
      82.66315697472484,
      74.00435729580657,
      68.0499284565958,
      62.759643996020934,
      58.51443615495045,
      56.844378526308,
      55.2860339049293,
      54.00953908959634,
      51.19505868308273,
      47.82259178886809,
      45.40662669024308,
      43.29527033297754,
      40.85321539206536,
      38.79554723643455,
      37.338238324444376,
      36.06556116424861,
      34.18689551773958,
      32.75035645080021,
      31.093782148811176,
      29.660873221152237,
      28.554291744143004,
      27.340323800947292,
      25.956074099565665,
      24.954889944348636,
      24.08056059157944,
      22.813842084821513,
      22.029755579446206,
      21.07517820119679,
      20.166621543885658,
      19.561430984588736,
      18.573497701785247,
      17.947925280138303,
      17.095656427713784,
      16.396575759416137,
      16.000866176989465,
      15.428002427106604,
      15.269455074613177,
      15.198289230073447,
      15.13480263715938,
      14.869863168500494,
      14.946540928158914,
      14.884128743283618,
      14.75535035147744,
      14.731007772207333,
      14.656466268526566,
      14.654173876487993,
      14.583173069159562,
      14.355404928334456,
      14.207828484530557,
      14.37969482108657,
      14.202389514317879,
      14.151949003033575,
      13.907825887646831,
      13.865517103653275,
      13.785523173665199,
      13.677865827089086,
      13.539700908814877,
      13.430865164402215,
      13.458330021750795,
      13.397064696542751,
      13.130126823033756,
      13.168157321974867,
      13.119060204403983,
      12.892338985579322,
      12.708659361029413,
      12.704324122770915,
      12.717632254219946,
      12.5437864430426,
      12.445454651722692,
      12.456036943743905,
      12.371099137948189,
      12.22576983403456,
      12.319376519223633,
      12.234452466586394,
      12.094443576406311,
      12.0426311866272,
      12.061043311499402,
      11.972005477838065,
      11.936336191285221,
      11.797513868594086,
      11.835150663028847,
      11.7680019564567,
      11.626157668794574,
      11.53461525434822,
      11.52397857280583,
      11.327580080184514,
      11.456723511060826,
      11.25588161376188,
      10.844660374658735,
      10.723683714464595,
      10.56242273504676,
      10.349660378994093,
      10.454916113337196,
      10.19126796657328,
      10.155079392687163,
      10.279883650883894,
      10.104141624924653,
      9.963111737622588,
      9.87315126547287,
      9.68543790959158,
      9.714206217890768,
      9.655499235340807,
      9.62388031617328,
      9.588471887045515,
      9.503102174128577,
      9.51789118004954
    ],
    "val_perplexities": [
      57525.18343222321,
      2819.133310862036,
      191.77610710460488,
      73.98924850498368,
      53.36059100440338,
      42.29550778600191,
      33.44458336182003,
      26.24189320298325,
      21.281825813764623,
      17.144696287052366,
      14.209508485291156,
      13.865458260593556,
      13.610817455267796,
      13.16606177172822,
      12.698887569400663,
      12.197336444521644,
      11.9814094667024,
      11.505655174744074,
      11.012451997130988,
      10.727986651573746,
      10.681113689028082,
      9.761545394224227,
      9.339045516073405,
      8.96716364743442,
      8.783497607646092
    ],