{
  "final_iteration": 1202,
  "best_val_loss": 2.161306381225586,
  "metrics": {
    "train_losses": [
      1.0995010375976562,
      10.926354360580444,
      10.497866773605347,
      9.742549872398376,
      9.02646427154541,
      8.396648812294007,
      7.775737190246582,
      7.169069051742554,
      6.591559934616089,
      6.041839194297791,
      5.591789078712464,
      5.255049002170563,
      4.9772785067558285,
      4.774874579906464,
      4.599536824226379,
      4.447782492637634,
      4.338472867012024,
      4.243545389175415,
      4.156716203689575,
      4.083107948303223,
      4.020927238464355,
      3.9510419011116027,
      3.909817326068878,
      3.890418565273285,
      3.8588549494743347,
      3.8079577565193174,
      3.763785719871521,
      3.7175302147865295,
      3.66276193857193,
      3.6116141438484193,
      3.5504400014877318,
      3.4998399019241333,
      3.440962278842926,
      3.3866920590400698,
      3.3522122621536257,
      3.295810639858246,
      3.2527662038803102,
      3.197157955169678,
      3.1599591612815856,
      3.129765546321869,
      3.1017115473747254,
      3.0640575647354127,
      3.039798837900162,
      3.005174446105957,
      2.9793070018291474,
      2.9402487933635713,
      2.9040929794311525,
      2.8778357684612272,
      2.853478801250458,
      2.819315195083618,
      2.7832785308361054,
      2.7744641304016113,
      2.7670758187770845,
      2.7600102007389067,
      2.751213961839676,
      2.735583448410034,
      2.7342063188552856,
      2.734010899066925,
      2.726789575815201,
      2.7296158611774444,
      2.713557404279709,
      2.721040219068527,
      2.7080525875091555,
      2.683886158466339,
      2.682149052619934,
      2.680704778432846,
      2.67641943693161,
      2.676953786611557,
      2.6519742369651795,
      2.661919820308685,
      2.633908271789551,
      2.6291762471199034,
      2.6257367968559264,
      2.622978574037552,
      2.6121978163719177,
      2.61160626411438,
      2.599129557609558,
      2.582481211423874,
      2.5927837193012238,
      2.576905685663223,
      2.568271887302399,
      2.5611637055873873,
      2.5480639755725862,
      2.5548575937747957,
      2.5488149523735046,
      2.5677927017211912,
      2.5186448872089384,
      2.5285817980766296,
      2.527673053741455,
      2.510338860750198,
      2.5226597905159,
      2.496741032600403,
      2.4987480103969575,
      2.514311510324478,
      2.494044381380081,
      2.4953925132751467,
      2.4935921311378477,
      2.469754159450531,
      2.4511684119701385,
      2.466487669944763,
      2.4614468991756437,
      2.461527693271637,
      2.44412447810173,
      2.4077359259128572,
      2.3783322095870973,
      2.3701944410800935,
      2.360524505376816,
      2.349467796087265,
      2.3344190418720245,
      2.336786949634552,
      2.3131747126579283,
      2.313647085428238,
      2.291107940673828,
      2.3007078945636747,
      2.2913657903671263,
      2.274147814512253,
      2.2698135912418365,
      2.2666415691375734,
      2.2602210879325866,
      2.2454947888851167,
      2.252238154411316
    ],
    "val_losses": [
      10.997801780700684,
      7.9844489097595215,
      5.331455230712891,
      4.337450981140137,
      3.9348130226135254,
      3.732456684112549,
      3.4739255905151367,
      3.2171075344085693,
      3.012580633163452,
      2.8637001514434814,
      2.7086124420166016,
      2.66595458984375,
      2.6402199268341064,
      2.600771427154541,
      2.55846905708313,
      2.5214955806732178,
      2.4859282970428467,
      2.4548380374908447,
      2.4527063369750977,
      2.411630868911743,
      2.387733221054077,
      2.287759780883789,
      2.2421579360961914,
      2.1957314014434814,
      2.161306381225586
    ],
    "train_perplexities": [
      3.002667431951707,
      55623.12775585857,
      36238.116056341445,
      17026.90250329798,
      8320.388867002213,
      4432.188735716564,
      2382.0987129145783,
      1298.6350778260353,
      728.9170464208569,
      420.66601037028005,
      268.2150485515294,
      191.53087105283907,
      145.0790123482125,
      118.49545197803505,
      99.43824758670037,
      85.43727599628036,
      76.59048612520583,
      69.65436642220142,
      63.86146984440688,
      59.32957686188726,
      55.75277798713046,
      51.98950655048545,
      49.88983756819947,
      48.9313632074317,
      47.4110322483215,
      45.05832476861725,
      43.111324838615694,
      41.162605667732706,
      38.968823872802844,
      37.02576952428772,
      34.82863876953568,
      33.11015066292722,
      31.216983162221364,
      29.567981182362967,
      28.565858961813127,
      26.999291903341117,
      25.861780018935573,
      24.462906630001143,
      23.569633355793382,
      22.868617282428946,
      22.23597665851621,
      21.414270910213386,
      20.901038315415374,
      20.189737809945075,
      19.67417775024981,
      18.920553034760246,
      18.248684211533536,
      17.775760657796138,
      17.348027327932787,
      16.765365735237644,
      16.171954379783546,
      16.030034685433325,
      15.912036235252037,
      15.800004119155108,
      15.661632973332742,
      15.418736849577371,
      15.397517865363529,
      15.394509179668935,
      15.283740880784217,
      15.326998193876753,
      15.082835935463184,
      15.196121321445178,
      15.000035796146893,
      14.64188355617875,
      14.616471133075548,
      14.595376178227992,
      14.532963831587358,
      14.540731591324583,
      14.182009673309718,
      14.323761767684,
      13.928098461888005,
      13.862346050076733,
      13.814749100887113,
      13.776697446282022,
      13.62897193691673,
      13.620912071950219,
      13.452023725737531,
      13.229923706739418,
      13.366929640466179,
      13.15636518058604,
      13.04326472229598,
      12.950879560740255,
      12.782332903146454,
      12.869466834830222,
      12.79193574392235,
      13.037016075159555,
      12.411765919617563,
      12.535715348566997,
      12.524328762787889,
      12.309100424888348,
      12.461698129076618,
      12.142856234151317,
      12.167251148837597,
      12.358097426971801,
      12.110155297396371,
      12.126492393813031,
      12.104679714989702,
      11.819540772047024,
      11.601894595453341,
      11.780995354526194,
      11.72175948017273,
      11.722706567392393,
      11.520458768182172,
      11.108781547143048,
      10.78689756922491,
      10.699472498854005,
      10.596507920487477,
      10.479990748201072,
      10.323460688488579,
      10.347934655802154,
      10.10645888131352,
      10.111234025028446,
      9.885884589424316,
      9.98124562404618,
      9.888433990400687,
      9.719632552453408,
      9.677596657147873,
      9.64694774185206,
      9.585208106363407,
      9.445087724921766,
      9.508994635537283
    ],
    "val_perplexities": [
      59742.6697763673,
      2934.9594312350296,
      206.73860772915745,
      76.512259365731,
      51.15258468584459,
      41.781626442833776,
      32.26314607820791,
      24.95583180112051,
      20.339821874105365,
      17.526256912183957,
      15.00843598502161,
      14.381671593130278,
      14.016285826157597,
      13.474128335288137,
      12.916028469311973,
      12.447198539378446,
      12.012266031770096,
      11.644547416024709,
      11.619751166770806,
      11.152133990898092,
      10.888783481902742,
      9.852840417605966,
      9.413623382739397,
      8.986571445057612,
      8.68247287234816
    ],