{
  "final_iteration": 1044,
  "best_val_loss": 2.3333916664123535,
  "metrics": {
    "train_losses": [
      1.100959312915802,
      10.937131607532502,
      10.496246230602264,
      9.716981220245362,
      8.977037179470063,
      8.35604402422905,
      7.7407853364944454,
      7.126914799213409,
      6.551548090577126,
      5.99061493575573,
      5.5313326746225355,
      5.188665246963501,
      4.921602752804756,
      4.7254246205091475,
      4.550993186235428,
      4.4238736748695375,
      4.309487739205361,
      4.2128962755203245,
      4.146630942821503,
      4.069754365086555,
      4.028754246234894,
      3.9978401184082033,
      3.966996356844902,
      3.9141591101884843,
      3.8702341467142105,
      3.835081931948662,
      3.7859746485948564,
      3.7549608081579207,
      3.696946385502815,
      3.6465325534343718,
      3.590846872329712,
      3.5297611564397813,
      3.4905900448560714,
      3.4098287880420686,
      3.392762577533722,
      3.348153291642666,
      3.3006425887346267,
      3.245883587002754,
      3.2007121607661246,
      3.1940822333097456,
      3.124820353090763,
      3.091455675661564,
      3.0439691334962844,
      2.99985257089138,
      2.9642988950014115,
      2.9248173877596857,
      2.8864037305116654,
      2.8401428699493407,
      2.7968616619706155,
      2.776336890459061,
      2.728393206000328,
      2.710446111857891,
      2.709482081234455,
      2.704509738087654,
      2.69817803055048,
      2.703282506763935,
      2.682007038593292,
      2.6860716208815574,
      2.6797303929924965,
      2.6849017441272736,
      2.6787201717495916,
      2.671221613883972,
      2.6640429839491846,
      2.6495538160204886,
      2.655209390819073,
      2.6437721252441406,
      2.6375541597604752,
      2.622299925982952,
      2.6333625629544257,
      2.6259723946452143,
      2.611646792292595,
      2.6196651980280876,
      2.5877027332782747,
      2.595298534631729,
      2.5749383866786957,
      2.5802235439419747,
      2.57212752699852,
      2.5599722504615783,
      2.548362934589386,
      2.5356863379478454,
      2.532788705825806,
      2.53457892537117,
      2.5406577184796335,
      2.5175719007849695,
      2.509408862888813,
      2.504172946512699,
      2.507500799000263,
      2.5007579252123833,
      2.4864950835704804,
      2.4831379994750025,
      2.478276553750038,
      2.4740566596388818,
      2.4677323743700983,
      2.4557006388902662,
      2.461906059086323,
      2.464760032296181,
      2.440616038441658,
      2.4520005002617835,
      2.425540381669998,
      2.431345893442631,
      2.426775886118412,
      2.403379276394844,
      2.3943519324064253,
      2.354535758495331,
      2.347259373962879
    ],
    "val_losses": [
      11.008487701416016,
      7.9443206787109375,
      5.2685227394104,
      4.3071112632751465,
      3.9680330753326416,
      3.764045000076294,
      3.5160071849823,
      3.255753517150879,
      3.0635251998901367,
      2.827343702316284,
      2.6383376121520996,
      2.6251370906829834,
      2.5976314544677734,
      2.5658035278320312,
      2.5289669036865234,
      2.4996092319488525,
      2.4406492710113525,
      2.4327151775360107,
      2.4002392292022705,
      2.3755481243133545,
      2.3333916664123535
    ],
    "train_perplexities": [
      3.007049341995419,
      56225.83386257116,
      36179.43818876674,
      16597.066141245494,
      7919.134349030802,
      4255.82547866972,
      2300.278166347196,
      1245.0298682999523,
      700.3275054638799,
      399.6602997861122,
      252.480160820981,
      179.22916653225258,
      137.22237057035122,
      112.77837621992347,
      94.72644260934153,
      83.41879760118924,
      74.4023657616661,
      67.55190568763923,
      63.22064712538344,
      58.54258072387129,
      56.1908676427138,
      54.4803517549028,
      52.825622987005985,
      50.106919392873365,
      47.95361294730714,
      46.29722073407404,
      44.07861078560023,
      42.73254501057767,
      40.3239822699895,
      38.341488227302115,
      36.26477455984813,
      34.11581829808511,
      32.805298594411965,
      30.260062931238483,
      29.748020070764266,
      28.45014597932529,
      27.13006679587275,
      25.684394434039003,
      24.550007525204514,
      24.387781125124896,
      22.75580671596181,
      22.00909276920959,
      20.988383825165762,
      20.08257594865521,
      19.381110283684738,
      18.63082352281451,
      17.928717027004073,
      17.1182110403914,
      16.39311880912911,
      16.060083222179177,
      15.308270011572922,
      15.035981748652084,
      15.021493586431042,
      14.946986955519288,
      14.852645990436146,
      14.928654796133205,
      14.614395536540043,
      14.673917834484103,
      14.581161582555675,
      14.656761196647892,
      14.566438821253966,
      14.457620038717067,
      14.354205765222297,
      14.147724748771354,
      14.227964952678356,
      14.066162988726349,
      13.978971430748265,
      13.767351089163544,
      13.920499849004525,
      13.818004208667888,
      13.621464113888676,
      13.731125607484929,
      13.299184709062253,
      13.400587303713156,
      13.13050811935083,
      13.20008862971292,
      13.093651926557591,
      12.935458357563945,
      12.78615486810056,
      12.625092955520781,
      12.588563031329599,
      12.611119507414273,
      12.688013367920691,
      12.398455405565803,
      12.297658309213865,
      12.233437073911341,
      12.27421596333937,
      12.191730880030839,
      12.019076352139857,
      11.97879495392738,
      11.920702014656344,
      11.87050390427096,
      11.795668341450314,
      11.654596352411595,
      11.727142878034309,
      11.76065963484946,
      11.480110754410983,
      11.6115524136286,
      11.30833858738044,
      11.374180217430682,
      11.32231872449176,
      11.060489750968328,
      10.961092228136499,
      10.533237760310302,
      10.456872042096482
    ],
    "val_perplexities": [
      60384.49836616803,
      2819.51645313791,
      194.12897143852683,
      74.22576026275813,
      52.88041668489516,
      43.12250420097894,
      33.64980243778105,
      25.939152768367457,
      21.402873739189342,
      16.90050836619052,
      13.98992758059863,
      13.806466794297071,
      13.43188629447139,
      13.011108958612644,
      12.540543852554075,
      12.177734361290593,
      11.480492274331137,
      11.389765369292814,
      11.025813761790346,
      10.75690769311057,
      10.31286006466115
    ],