{
  "final_iteration": 498,
  "best_val_loss": 2.8127529621124268,
  "metrics": {
    "train_losses": [
      1.0950035572052002,
      10.880679953098298,
      10.452157413959503,
      9.694138598442077,
      8.969969952106476,
      8.358879125118255,
      7.750553101301193,
      7.142298567295074,
      6.560007107257843,
      5.997449636459351,
      5.531218564510345,
      5.170784908533096,
      4.920559763908386,
      4.6964537620544435,
      4.5394660294055935,
      4.405018556118011,
      4.294309836626053,
      4.200626146793366,
      4.1255019962787625,
      4.051621201634407,
      4.011905795335769,
      3.986637297272682,
      3.9493342459201815,
      3.8971194833517075,
      3.83085013628006,
      3.7838678807020187,
      3.7323085397481917,
      3.681681889295578,
      3.628973224759102,
      3.5637996822595595,
      3.5215156257152556,
      3.4842145174741743,
      3.441397750377655,
      3.408828926086426,
      3.3608026683330534,
      3.3362310349941255,
      3.302096647024155,
      3.2424758851528166,
      3.1961483538150786,
      3.137562856078148,
      3.0992054641246796,
      3.061773809790611,
      3.0121367812156676,
      2.982455813884735,
      2.939432844519615,
      2.898990899324417,
      2.863578787446022,
      2.825600028038025,
      2.7870250701904298,
      2.7490731328725815
    ],
    "val_losses": [
      10.952984809875488,
      7.9559221267700195,
      5.2611470222473145,
      4.287153720855713,
      3.9626214504241943,
      3.7167751789093018,
      3.44746732711792,
      3.254096269607544,
      3.032438278198242,
      2.8127529621124268
    ],
    "train_perplexities": [
      2.989193316548461,
      53139.720154044844,
      34618.98167561542,
      16222.242906993424,
      7863.365324370372,
      4267.908293174407,
      2322.8568345088065,
      1264.3312020159174,
      706.2767142682449,
      402.4012143137778,
      252.4513519252283,
      176.0529687442155,
      137.07932377259112,
      109.55796413769767,
      93.64078534164246,
      81.86066184517585,
      73.28162069746767,
      66.72809954851164,
      61.89887445704346,
      57.49058536611452,
      55.2520694240742,
      53.873424117275796,
      51.90080215953774,
      49.26034928711623,
      46.101714319265156,
      43.98584513579399,
      41.77543718880547,
      39.71313102472238,
      37.674113903708914,
      35.297060279121034,
      33.835671835481115,
      32.596812824518345,
      31.23058023014177,
      30.229822166352715,
      28.812308327676405,
      28.112969980514077,
      27.169544188652313,
      25.59701863550054,
      24.43822130959332,
      23.047627969006992,
      22.180321217576495,
      21.365421764103562,
      20.33079600777131,
      19.73622567569422,
      18.905121128063918,
      18.15581507718322,
      17.52412998465342,
      16.871065061689205,
      16.232656884460585,
      15.628139959989966
    ],
    "val_perplexities": [
      57124.29632024596,
      2852.417407154625,
      192.70239851848865,
      72.75908084369915,
      52.59502062949641,
      41.13153815367317,
      31.420713062696972,
      25.896200772041613,
      20.747759775010866,
      16.655707693759297
    ],
    "learning_rates": [
      0.0,
      2.9999999999999997e-06,
      5.999999999999999e-06,
      8.999999999999999e-06,
      1.1999999999999999e-05,
      1.4999999999999999e-05,
      1.7999999999999997e-05,
      2.1e-05,
      2.3999999999999997e-05,
      2.6999999999999996e-05,
      2.9999999999999997e-05,
      3.2999999999999996e-05,
      3.5999999999999994e-05,
      3.9e-05,
      4.2e-05,
      4.4999999999999996e-05,
      4.7999999999999994e-05,
      5.1e-05,
      5.399999999999999e-05,
      5.6999999999999996e-05,
      5.9999999999999995e-05,
      6.3e-05,
      6.599999999999999e-05,
      6.9e-05,
      7.199999999999999e-05,
      7.5e-05,
      7.8e-05,
      8.099999999999999e-05,
      8.4e-05,
      8.7e-05,
      8.999999999999999e-05,
      9.299999999999998e-05,
      9.599999999999999e-05,
      9.9e-05,
      0.000102,
      0.00010499999999999999,
      0.00010799999999999998,
      0.00011099999999999999,
      0.00011399999999999999,
      0.000117,
      0.00011999999999999999,
      0.00012299999999999998,
      0.000126,
      0.00012899999999999996,
      0.00013199999999999998,
      0.00013499999999999997,
      0.000138,
      0.00014099999999999998,
      0.00014399999999999998,
      0.000147
    ],
    "timestamps": [
      1764320361.431005,
      1764320998.7815156,
      1764321207.1298592,
      1764321415.4552023,
      1764321623.188712,
      1764321830.7971034,
      1764322444.6446292,
      1764322651.9820495,
      1764322858.982904,
      1764323065.8589237,
      1764323272.9301248,
      1764323887.0274014,
      1764324094.0217457,
      1764324301.0652008,
      1764324508.0812585,
      1764324715.1694114,
      1764325329.073586,
      1764325536.1229837,
      1764325743.032041,
      1764325950.0541599,
      1764326157.1769614,
      1764326771.1395388,
      1764326978.262441,
      1764327185.209731,
      1764327392.2779171,
      1764327599.0424986,
      1764328213.0006294,
      1764328420.0856938,
      1764328627.3696604,
      1764328834.4796004,
      1764329041.5354142,
      1764329655.821314,
      1764329863.1966248,
      1764330070.4187555,
      1764330277.4452603,
      1764330484.771376,
      1764331098.9050982,
      1764331306.0012743,
      1764331513.0697913,
      1764331720.0115986,
      1764331926.9736428,
      1764332540.911734,
      1764332747.57892,
      1764332954.5750265,
      1764333161.5858438,
      1764333368.5542636,
      1764333982.1449654,
      1764334188.871905,
      1764334395.8095093,
      1764334602.7045166
    ],
    "iterations": [
      0,
      10,
      20,
      30,
      40,
      50,
      60,
      70,
      80,
      90,
      100,
      110,
      120,
      130,
      140,
      150,
      160,
      170,
      180,
      190,
      200,
      210,
      220,
      230,
      240,
      250,
      260,
      270,
      280,
      290,
      300,
      310,
      320,
      330,
      340,
      350,
      360,
      370,
      380,
      390,
      400,
      410,
      420,
      430,
      440,
      450,
      460,
      470,
      480,
      490
    ]
  }
}