{
  "final_iteration": 1036,
  "best_val_loss": 2.3658742904663086,
  "metrics": {
    "train_losses": [
      1.1003108978271485,
      10.932619732618331,
      10.497809612751007,
      9.727932447195053,
      8.996349251270294,
      8.383883047103883,
      7.774065774679184,
      7.164427328109741,
      6.577331730723381,
      6.017201527953148,
      5.55140420794487,
      5.1948168754577635,
      4.931420838832855,
      4.725088614225387,
      4.561563792824745,
      4.423425808548927,
      4.302023923397064,
      4.209350728988648,
      4.135267266631127,
      4.070091581344604,
      4.052671185135841,
      4.008624306321144,
      3.943963643908501,
      3.89687836766243,
      3.8705466985702515,
      3.79973923265934,
      3.7438538551330565,
      3.684680962562561,
      3.624314945936203,
      3.560735321044922,
      3.4895708113908768,
      3.4621410191059114,
      3.427840554714203,
      3.396280762553215,
      3.3375255435705187,
      3.300503136217594,
      3.2588245555758477,
      3.225809137523174,
      3.196911998093128,
      3.1681188702583314,
      3.1336932078003885,
      3.0956172749400137,
      3.0452596321702003,
      3.004089969396591,
      2.9595208734273912,
      2.914552167057991,
      2.8729143500328065,
      2.832449370622635,
      2.8009358674287794,
      2.7695010364055634,
      2.7324087262153625,
      2.7192396461963653,
      2.711666402220726,
      2.709729900956154,
      2.6877720803022385,
      2.7050426080822945,
      2.693386434018612,
      2.6863772839307787,
      2.6879845917224885,
      2.6906704500317575,
      2.671505741775036,
      2.6758214354515077,
      2.6612492546439173,
      2.661744695901871,
      2.6482899740338324,
      2.649643674492836,
      2.644253818690777,
      2.6365157827734946,
      2.6260863155126573,
      2.617504616081715,
      2.61282075047493,
      2.606163015961647,
      2.591756743192673,
      2.586963061988354,
      2.575885757803917,
      2.5692635744810106,
      2.567709152400494,
      2.5598394855856896,
      2.539774939417839,
      2.5371389001607896,
      2.5321456655859946,
      2.5321562588214874,
      2.5120748937129975,
      2.5133457839488984,
      2.5008591383695604,
      2.500400422513485,
      2.505527225136757,
      2.500734846293926,
      2.4907355427742006,
      2.4866445496678353,
      2.4793047845363616,
      2.464149533212185,
      2.471452549099922,
      2.4560153380036356,
      2.4584704279899596,
      2.441482609510422,
      2.4418310657143594,
      2.4300336256623267,
      2.448425817489624,
      2.445390635728836,
      2.425222288072109,
      2.428876107931137,
      2.4165551766753195,
      2.371436507999897
    ],
    "val_losses": [
      11.00407600402832,
      7.985779285430908,
      5.286565780639648,
      4.304985523223877,
      3.9944944381713867,
      3.7292375564575195,
      3.4161593914031982,
      3.2176666259765625,
      3.0427093505859375,
      2.8463737964630127,
      2.651143789291382,
      2.6235949993133545,
      2.597235918045044,
      2.5785720348358154,
      2.5204756259918213,
      2.4793362617492676,
      2.438589572906494,
      2.4072632789611816,
      2.383936882019043,
      2.3849964141845703,
      2.3658742904663086
    ],
    "train_perplexities": [
      3.0051001578382457,
      55972.721368578794,
      36236.044713868425,
      16779.823260108096,
      8073.555537382687,
      4375.968068453541,
      2378.120561540925,
      1292.6211410090339,
      718.6192990123383,
      410.42841465685996,
      257.59902465474585,
      180.33511598752796,
      138.57626707004488,
      112.74048834248023,
      95.73306952314856,
      83.38144549623712,
      73.8491074852863,
      67.31282135549131,
      62.506294685011376,
      58.56232556283276,
      57.55098123402047,
      55.07105752193851,
      51.622810765804736,
      49.248473275847665,
      47.968603280543896,
      44.68952940399552,
      42.260542746347085,
      39.83241239170055,
      37.49902549865619,
      35.189062892622935,
      32.77187937013782,
      31.8851702452682,
      30.81003826929811,
      29.852863430362746,
      28.14938602661838,
      27.126283703557807,
      26.018935348210128,
      25.173935092797972,
      24.456890544882203,
      23.762741486297458,
      22.958614092403206,
      22.100876645186947,
      21.015486791069147,
      20.167854377703023,
      19.28872779912665,
      18.44055226653063,
      17.688493616664392,
      16.987017411436945,
      16.46004398413919,
      15.950673218643852,
      15.369864262978238,
      15.168784216242434,
      15.054341211935515,
      15.025216670098859,
      14.698891463607774,
      14.954953878856848,
      14.781648335316893,
      14.678403794514598,
      14.7020154778414,
      14.74155608473941,
      14.461728435435877,
      14.524275695723759,
      14.314159964531827,
      14.321253547032821,
      14.12985555451572,
      14.148996098824401,
      14.072940199395276,
      13.964463522155691,
      13.819578457361857,
      13.701490411557042,
      13.637464533214533,
      13.546971488513211,
      13.35320916958453,
      13.289351321139304,
      13.142953477858411,
      13.056205976465655,
      13.03592688682366,
      12.933741097039002,
      12.676817597806512,
      12.643445014009417,
      12.580470680871395,
      12.580603949465798,
      12.330487988354442,
      12.346168647230297,
      12.192964906053444,
      12.187373082345617,
      12.250015779798922,
      12.191449511314863,
      12.070150968457789,
      12.02087293083648,
      11.932965551254867,
      11.753481954121884,
      11.839632014304293,
      11.658264620720495,
      11.686921873121225,
      11.490063397970617,
      11.494067879497972,
      11.35926403635642,
      11.570118897217236,
      11.535054723359284,
      11.304742049321225,
      11.34612309372536,
      11.207185966078958,
      10.7127702163221
    ],
    "val_perplexities": [
      60118.68700324181,
      2938.8666283025336,
      197.66343885763777,
      74.06814317716042,
      54.29838249396216,
      41.647342308527826,
      30.452235028201503,
      24.96978829736891,
      20.96195966575395,
      17.22520634921366,
      14.170237145277571,
      13.785192368778473,
      13.426574544780452,
      13.178306554737278,
      12.4345094332146,
      11.933341173663866,
      11.456870261609357,
      11.103532256036402,
      10.84752433453509,
      10.859023726395874,
      10.653348868422515
    ],