{
  "final_iteration": 498,
  "best_val_loss": 2.829533100128174,
  "metrics": {
    "train_losses": [
      1.0954064846038818,
      10.882388806343078,
      10.439367651939392,
      9.682119512557984,
      8.990539073944092,
      8.399815618991852,
      7.796034210920334,
      7.187941014766693,
      6.601078528165817,
      6.03135432600975,
      5.555523723363876,
      5.191680186986924,
      4.924104970693588,
      4.707330673933029,
      4.54308220744133,
      4.4117267489433285,
      4.297976845502854,
      4.198441523313522,
      4.133684068918228,
      4.0648226797580715,
      4.032739347219467,
      4.007871809601784,
      3.9728946059942247,
      3.9083952575922014,
      3.869216200709343,
      3.817231994867325,
      3.7715244710445406,
      3.756580513715744,
      3.7023933261632918,
      3.631013336777687,
      3.5592644691467283,
      3.5130343198776246,
      3.471907889842987,
      3.4338137596845626,
      3.3905926913022997,
      3.331101432442665,
      3.2719939172267916,
      3.226365238428116,
      3.1844677180051804,
      3.137228226661682,
      3.096498593688011,
      3.072494402527809,
      3.030822280049324,
      2.999446824193001,
      2.961672267317772,
      2.921513393521309,
      2.898819664120674,
      2.845621809363365,
      2.7967421978712084,
      2.7639356940984725
    ],
    "val_losses": [
      10.957038879394531,
      8.006832122802734,
      5.279686450958252,
      4.297708034515381,
      3.9742631912231445,
      3.7457799911499023,
      3.506563663482666,
      3.244267463684082,
      3.012558698654175,
      2.829533100128174
    ],
    "train_perplexities": [
      2.9903979871167454,
      53230.60577023001,
      34179.03255801377,
      16028.43341583356,
      8026.7827587068,
      4446.246868636999,
      2430.9422318712227,
      1323.3755877151357,
      735.8884378016903,
      416.2784244831268,
      258.6623965934601,
      179.77034712336936,
      137.56616078037183,
      110.7561207687427,
      93.98002008979289,
      82.4116449338644,
      73.5508383611732,
      66.58248289216979,
      62.4074131573825,
      58.25457789081895,
      56.41524070239177,
      55.02963231994062,
      53.13812236648096,
      49.8189412245626,
      47.90482359526449,
      45.47815018341732,
      43.44624692212393,
      42.801815234770906,
      40.54422388558204,
      37.75105177052182,
      35.137343038119,
      33.549914664339305,
      32.19811433603784,
      30.99462367744298,
      29.683540233855567,
      27.9691308521538,
      26.36385431389602,
      25.187938234102926,
      24.154428016343577,
      23.03991684496523,
      22.12036314777026,
      21.59570392457909,
      20.71425850990202,
      20.074429162646624,
      19.330270121192648,
      18.569368967891695,
      18.152706428651985,
      17.212258085324162,
      16.391160536928044,
      15.86214882491933
    ],
    "val_perplexities": [
      57356.3522563742,
      3001.3939892248313,
      196.30831341740074,
      73.53106974481356,
      53.21089620308423,
      42.34202074348443,
      33.33352553931029,
      25.642918809157802,
      20.339375734986707,
      16.9375508377836
    ],
    "learning_rates": [
      0.0,
      2.9999999999999997e-06,
      5.999999999999999e-06,
      8.999999999999999e-06,
      1.1999999999999999e-05,
      1.4999999999999999e-05,
      1.7999999999999997e-05,
      2.1e-05,
      2.3999999999999997e-05,
      2.6999999999999996e-05,
      2.9999999999999997e-05,
      3.2999999999999996e-05,
      3.5999999999999994e-05,
      3.9e-05,
      4.2e-05,
      4.4999999999999996e-05,
      4.7999999999999994e-05,
      5.1e-05,
      5.399999999999999e-05,
      5.6999999999999996e-05,
      5.9999999999999995e-05,
      6.3e-05,
      6.599999999999999e-05,
      6.9e-05,
      7.199999999999999e-05,
      7.5e-05,
      7.8e-05,
      8.099999999999999e-05,
      8.4e-05,
      8.7e-05,
      8.999999999999999e-05,
      9.299999999999998e-05,
      9.599999999999999e-05,
      9.9e-05,
      0.000102,
      0.00010499999999999999,
      0.00010799999999999998,
      0.00011099999999999999,
      0.00011399999999999999,
      0.000117,
      0.00011999999999999999,
      0.00012299999999999998,
      0.000126,
      0.00012899999999999996,
      0.00013199999999999998,
      0.00013499999999999997,
      0.000138,
      0.00014099999999999998,
      0.00014399999999999998,
      0.000147
    ],
    "timestamps": [
      1764334805.7229939,
      1764335445.1733177,
      1764335653.554211,
      1764335861.738858,
      1764336069.7684455,
      1764336277.4661393,
      1764336892.3593469,
      1764337099.5082533,
      1764337306.6013815,
      1764337513.8997831,
      1764337721.3132687,
      1764338335.630461,
      1764338542.9218864,
      1764338750.109062,
      1764338957.3332915,
      1764339164.262425,
      1764339778.2406437,
      1764339985.4008718,
      1764340192.722743,
      1764340399.739333,
      1764340607.0978093,
      1764341221.552111,
      1764341428.837625,
      1764341636.1906273,
      1764341843.698445,
      1764342050.8803303,
      1764342665.5413356,
      1764342872.9952931,
      1764343080.4378738,
      1764343287.9222274,
      1764343495.168221,
      1764344109.5459049,
      1764344316.9393518,
      1764344524.1561372,
      1764344731.0896266,
      1764344938.2364666,
      1764345552.4775403,
      1764345759.5522213,
      1764345966.61647,
      1764346173.9369595,
      1764346381.1667984,
      1764346994.893748,
      1764347202.099859,
      1764347409.293867,
      1764347616.2470236,
      1764347823.5236819,
      1764348437.8480897,
      1764348645.797404,
      1764348852.8712807,
      1764349060.0842552
    ],
    "iterations": [
      0,
      10,
      20,
      30,
      40,
      50,
      60,
      70,
      80,
      90,
      100,
      110,
      120,
      130,
      140,
      150,
      160,
      170,
      180,
      190,
      200,
      210,
      220,
      230,
      240,
      250,
      260,
      270,
      280,
      290,
      300,
      310,
      320,
      330,
      340,
      350,
      360,
      370,
      380,
      390,
      400,
      410,
      420,
      430,
      440,
      450,
      460,
      470,
      480,
      490
    ]
  }
}